<edmx:Edmx
    xmlns:edmx="http://schemas.microsoft.com/ado/2007/06/edmx"
    xmlns:m="http://schemas.microsoft.com/ado/2007/08/dataservices/metadata"
    xmlns:sap="http://www.sap.com/Protocols/SAPData" Version="1.0">
    <edmx:Reference
        xmlns:edmx="http://docs.oasis-open.org/odata/ns/edmx" Uri="./IWFND/CATALOGSERVICE;v=2/Vocabularies(TechnicalName='%2FIWBEP%2FVOC_COMMON',Version='0001',SAP__Origin='S4HANA')/$value">
        <edmx:Include Namespace="com.sap.vocabularies.Common.v1" Alias="Common"/>
    </edmx:Reference>
    <edmx:DataServices m:DataServiceVersion="2.0">
        <Schema
            xmlns="http://schemas.microsoft.com/ado/2008/09/edm" Namespace="ZWDE370_CDS_00_CDS" xml:lang="en" sap:schema-version="1">
            <EntityType Name="ZWDE370_CDS_00Type" sap:content-version="1">
                <Key>
                    <PropertyRef Name="Carrier"/>
                    <PropertyRef Name="FlightNumber"/>
                    <PropertyRef Name="FlightDate"/>
                </Key>
                <Property Name="Carrier" Type="Edm.String" Nullable="false" MaxLength="3" sap:display-format="UpperCase" sap:label="Airline" sap:quickinfo="Airline Code"/>
                <Property Name="FlightNumber" Type="Edm.String" Nullable="false" MaxLength="4" sap:display-format="NonNegative" sap:label="Connection Number" sap:quickinfo="Flight Connection Number"/>
                <Property Name="FlightDate" Type="Edm.DateTime" Nullable="false" Precision="0" sap:display-format="Date" sap:label="Flight Date" sap:quickinfo="Flight date"/>
                <Property Name="Price" Type="Edm.Decimal" Precision="16" Scale="3" sap:unit="CurrencyCode" sap:label="Airfare"/>
                <Property Name="CurrencyCode" Type="Edm.String" MaxLength="5" sap:label="Airline Currency" sap:quickinfo="Local currency of airline" sap:semantics="currency-code"/>
                <Property Name="Plane" Type="Edm.String" MaxLength="10" sap:display-format="UpperCase" sap:label="Plane Type" sap:quickinfo="Aircraft Type"/>
            </EntityType>
            <EntityContainer Name="ZWDE370_CDS_00_CDS_Entities" m:IsDefaultEntityContainer="true" sap:supported-formats="atom json xlsx">
                <EntitySet Name="ZWDE370_CDS_00" EntityType="ZWDE370_CDS_00_CDS.ZWDE370_CDS_00Type" sap:creatable="false" sap:updatable="false" sap:deletable="false" sap:content-version="1"/>
            </EntityContainer>
            <atom:link
                xmlns:atom="http://www.w3.org/2005/Atom" rel="self" href="./sap/ZWDE370_CDS_00_CDS/$metadata"/>
                <atom:link
                    xmlns:atom="http://www.w3.org/2005/Atom" rel="latest-version" href="./sap/ZWDE370_CDS_00_CDS/$metadata"/>
                </Schema>
            </edmx:DataServices>
        </edmx:Edmx>