<edmx:Edmx
    xmlns:edmx="http://schemas.microsoft.com/ado/2007/06/edmx"
    xmlns:m="http://schemas.microsoft.com/ado/2007/08/dataservices/metadata"
    xmlns:sap="http://www.sap.com/Protocols/SAPData" Version="1.0">
    <edmx:DataServices m:DataServiceVersion="2.0">
        <Schema
            xmlns="http://schemas.microsoft.com/ado/2008/09/edm" Namespace="ZWDE370_FLIGHTDATA_SRV" xml:lang="en" sap:schema-version="1">
            <EntityType Name="Flight" sap:content-version="1">
                <Key>
                    <PropertyRef Name="Carrid"/>
                    <PropertyRef Name="Connid"/>
                    <PropertyRef Name="Fldate"/>
                </Key>
                <Property Name="Carrid" Type="Edm.String" Nullable="false" MaxLength="3" sap:unicode="false" sap:label="Airline" sap:creatable="false" sap:updatable="false"/>
                <Property Name="Connid" Type="Edm.String" Nullable="false" MaxLength="4" sap:unicode="false" sap:label="Flight Number" sap:creatable="false" sap:updatable="false"/>
                <Property Name="Fldate" Type="Edm.DateTime" Nullable="false" Precision="7" sap:unicode="false" sap:label="Date" sap:creatable="false" sap:updatable="false" sap:sortable="false" sap:filterable="false"/>
                <Property Name="Price" Type="Edm.Decimal" Nullable="false" Precision="16" Scale="3" sap:unicode="false" sap:unit="Currency" sap:label="Airfare" sap:creatable="false" sap:sortable="false" sap:filterable="false"/>
                <Property Name="Currency" Type="Edm.String" Nullable="false" MaxLength="5" sap:unicode="false" sap:label="Airline Currency" sap:creatable="false" sap:sortable="false" sap:filterable="false" sap:semantics="currency-code"/>
                <Property Name="Planetype" Type="Edm.String" Nullable="false" MaxLength="10" sap:unicode="false" sap:label="Plane Type" sap:sortable="false" sap:filterable="false"/>
                <Property Name="Seatsmax" Type="Edm.Int32" Nullable="false" sap:unicode="false" sap:label="Max. capacity econ." sap:sortable="false" sap:filterable="false"/>
                <Property Name="Seatsocc" Type="Edm.Int32" Nullable="false" sap:unicode="false" sap:label="Occupied econ." sap:sortable="false" sap:filterable="false"/>
                <Property Name="Paymentsum" Type="Edm.Decimal" Nullable="false" Precision="18" Scale="3" sap:unicode="false" sap:unit="Currency" sap:label="Total" sap:creatable="false" sap:updatable="false" sap:sortable="false" sap:filterable="false"/>
                <Property Name="SeatsmaxB" Type="Edm.Int32" Nullable="false" sap:unicode="false" sap:label="Max. capacity bus." sap:creatable="false" sap:updatable="false" sap:sortable="false" sap:filterable="false"/>
                <Property Name="SeatsoccB" Type="Edm.Int32" Nullable="false" sap:unicode="false" sap:label="Occupied bus." sap:creatable="false" sap:updatable="false" sap:sortable="false" sap:filterable="false"/>
                <Property Name="SeatsmaxF" Type="Edm.Int32" Nullable="false" sap:unicode="false" sap:label="Max. capacity 1st" sap:creatable="false" sap:updatable="false" sap:sortable="false" sap:filterable="false"/>
                <Property Name="SeatsoccF" Type="Edm.Int32" Nullable="false" sap:unicode="false" sap:label="Occupied 1st" sap:creatable="false" sap:updatable="false" sap:sortable="false" sap:filterable="false"/>
            </EntityType>
            <EntityType Name="Currency" sap:content-version="1">
                <Key>
                    <PropertyRef Name="Spras"/>
                    <PropertyRef Name="Waers"/>
                </Key>
                <Property Name="Spras" Type="Edm.String" Nullable="false" MaxLength="2" sap:unicode="false" sap:label="Language" sap:creatable="false" sap:updatable="false"/>
                <Property Name="Waers" Type="Edm.String" Nullable="false" MaxLength="5" sap:unicode="false" sap:label="Currency" sap:creatable="false" sap:updatable="false" sap:semantics="currency-code"/>
                <Property Name="Ltext" Type="Edm.String" Nullable="false" MaxLength="40" sap:unicode="false" sap:label="Long Text" sap:creatable="false" sap:updatable="false"/>
                <Property Name="Ktext" Type="Edm.String" Nullable="false" MaxLength="15" sap:unicode="false" sap:label="Short text" sap:creatable="false" sap:updatable="false"/>
            </EntityType>
            <EntityContainer Name="ZWDE370_FLIGHTDATA_SRV_Entities" m:IsDefaultEntityContainer="true" sap:supported-formats="atom json xlsx">
                <EntitySet Name="FlightSet" EntityType="ZWDE370_FLIGHTDATA_SRV.Flight" sap:creatable="false" sap:updatable="false" sap:deletable="false" sap:pageable="false" sap:content-version="1"/>
                <EntitySet Name="CurrencySet" EntityType="ZWDE370_FLIGHTDATA_SRV.Currency" sap:creatable="false" sap:updatable="false" sap:deletable="false" sap:pageable="false" sap:content-version="1"/>
            </EntityContainer>
            <atom:link
                xmlns:atom="http://www.w3.org/2005/Atom" rel="self" href="./sap/ZWDE370_FLIGHTDATA_SRV/$metadata"/>
                <atom:link
                    xmlns:atom="http://www.w3.org/2005/Atom" rel="latest-version" href="./sap/ZWDE370_FLIGHTDATA_SRV/$metadata"/>
                </Schema>
            </edmx:DataServices>
        </edmx:Edmx>