{
  "projectType": [
    "sap.watt.uitools.ide.fiori",
    "com.watt.common.builder.sapui5clientbuild",
    "com.sap.webide.hybrid.cordova"
  ],
  "generation": [
    {
      "templateId": "ui5template.basicSAPUI5ApplicationProjectCommon",
      "templateVersion": "1.32.0",
      "dateTimeStamp": "Tue, 24 Apr 2018 07:53:12 GMT"
    },
    {
      "templateId": "ui5template.basicSAPUI5ApplicationProject",
      "templateVersion": "1.40.12",
      "dateTimeStamp": "Tue, 24 Apr 2018 07:53:12 GMT"
    },
    {
      "templateId": "servicecatalog.connectivityComponent",
      "templateVersion": "0.0.0",
      "dateTimeStamp": "Tue, 24 Apr 2018 07:55:03 GMT"
    }
  ],
  "translation": {
    "translationDomain": "",
    "supportedLanguages": "en,fr,de",
    "defaultLanguage": "en",
    "defaultI18NPropertyFile": "i18n.properties",
    "resourceModelName": "i18n"
  },
  "basevalidator": {
    "services": {
      "xml": "fioriXmlAnalysis",
      "js": "fioriJsValidator"
    }
  },
  "codeCheckingTriggers": {
    "notifyBeforePush": true,
    "notifyBeforePushLevel": "Error",
    "blockPush": false,
    "blockPushLevel": "Error"
  },
  "build": {
    "buildRequired": true,
    "sourceFolder": "webapp",
    "targetFolder": "dist",
    "excludedFolders": [],
    "excludedFiles": []
  },
  "hybrid": {
    "hatVersion": "1.28.9",
    "appNamespace": "com.sap.trainingWDE370WDFODataTranslation",
    "backendDestination": "FSD_WDF_2018",
    "oDataConfigs": [
      {
        "hybridOdata": {
          "name": "ZWDE370_FLIGHTDATA_SRV",
          "serviceUrl": ""
        },
        "originOdata": {
          "name": "ZWDE370_FLIGHTDATA_SRV",
          "serviceUrl": "/sap/opu/odata/sap/ZWDE370_FLIGHTDATA_SRV/"
        }
      }
    ]
  },
  "mockpreview": {
    "mockUri": "/sap/opu/odata/sap/ZWDE370_FLIGHTDATA_SRV",
    "metadataFilePath": "",
    "loadJSONFiles": false,
    "loadCustomRequests": false,
    "mockRequestsFilePath": ""
  }
}